generation,best_distance_so_far,generation_best_distance,avg_distance,worst_distance,best_fitness,avg_fitness,worst_fitness,unique_pct,hamming_pct,no_improve
0,1591.551499480577,1591.551499480577,7884.85986232612,8694.020345058856,0.0006283177140836235,0.00013114470284700716,0.00011502158498724218,100.0,98.75,0
1,1591.551499480577,1591.551499480577,7524.858639856733,8893.42014739554,0.0006283177140836235,0.00013774642612872717,0.00011244268047910143,98.0,98.96875,1
2,1591.551499480577,1591.551499480577,6967.129175368663,8184.619055160332,0.0006283177140836235,0.0001548942285354435,0.0001221803963337192,96.0,97.65625,2
3,1591.551499480577,1591.551499480577,6194.419947354452,8049.585591027234,0.0006283177140836235,0.0001846138913194189,0.0001242299977671753,96.0,98.125,3
4,1591.551499480577,1591.551499480577,5012.99197846316,7437.034339716274,0.0006283177140836235,0.00023669294146880593,0.00013446220016218862,96.0,95.59375,4
5,1591.551499480577,1591.551499480577,3883.3539153228735,6447.585026866176,0.0006283177140836235,0.0003052629755173819,0.00015509683018264064,96.0,97.25,5
6,1591.551499480577,1591.551499480577,2728.6353819764795,4831.818112914205,0.0006283177140836235,0.0004025922744357218,0.0002069614328667003,94.0,94.40625,6
7,1591.551499480577,1591.551499480577,2179.6169519249643,3631.726435936145,0.0006283177140836235,0.00047539246946486357,0.00027535113606161007,93.0,94.125,7
8,1591.551499480577,1591.551499480577,1981.433296008028,2992.697735490567,0.0006283177140836235,0.0005148279934164888,0.00033414667580388915,90.0,93.78125,8
9,1591.551499480577,1591.551499480577,1859.6922335237753,2415.503130944474,0.0006283177140836235,0.0005441007756541366,0.0004139924255072253,86.0,94.4375,9
10,1591.551499480577,1591.551499480577,1849.4838788443667,2309.128067054171,0.0006283177140836235,0.0005458616600665943,0.0004330638972639278,91.0,85.59375,10
11,1591.551499480577,1591.551499480577,1859.9354990416873,2301.462737658852,0.0006283177140836235,0.0005429778760521673,0.00043450627448230736,92.0,91.5,11
12,1591.551499480577,1591.551499480577,1835.4395498622187,2469.7697412437037,0.0006283177140836235,0.0005504656991598424,0.00040489604488247916,88.0,94.125,12
13,1591.551499480577,1591.551499480577,1822.595970834831,2549.8994071110337,0.0006283177140836235,0.0005537309584063968,0.00039217233323449895,88.0,90.625,13
14,1590.8357752553839,1590.8357752553839,1757.1569513465415,2147.8962135577212,0.0006286003970708196,0.0005734114216933063,0.00046557184359649514,80.0,91.3125,0
15,1590.8357752553839,1590.8357752553839,1751.805035772205,2287.6857589034603,0.0006286003970708196,0.0005750502164538853,0.00043712297290311513,79.0,86.0625,1
16,1590.8357752553839,1590.8357752553839,1748.902116369379,2286.286310319851,0.0006286003970708196,0.0005762289264808432,0.0004373905383093073,75.0,88.9375,2
17,1590.8357752553839,1590.8357752553839,1734.4487280983824,2100.485824952828,0.0006286003970708196,0.0005803806571438777,0.00047608033728218914,70.0,76.90625,3
18,1590.8357752553839,1590.8357752553839,1729.130105089836,2396.718686395416,0.0006286003970708196,0.0005841429058840652,0.0004172371190980139,56.00000000000001,48.875,4
19,1590.8357752553839,1590.8357752553839,1694.0155518399472,2204.368460624404,0.0006286003970708196,0.0005936959789410906,0.0004536446686942445,53.0,52.21875,5
20,1590.8357752553839,1590.8357752553839,1673.587393237312,2171.7966903412566,0.0006286003970708196,0.0006004605163349485,0.000460448256711759,41.0,36.65625,6
21,1590.8357752553839,1590.8357752553839,1634.5997676151874,2028.3093764006744,0.0006286003970708196,0.000613709045248489,0.0004930214353071445,23.0,13.28125,7
22,1590.8357752553839,1590.8357752553839,1622.1321959209151,1915.3979799978943,0.0006286003970708196,0.0006178070574120994,0.0005220847105629185,19.0,16.59375,8
23,1590.8357752553839,1590.8357752553839,1621.1968817197308,1917.1436138839308,0.0006286003970708196,0.0006181322511016577,0.0005216093321115913,17.0,25.0625,9
24,1590.8357752553839,1590.8357752553839,1616.762662825123,1905.9271500753457,0.0006286003970708196,0.0006193110365617003,0.0005246790256177772,21.0,25.624999999999996,10
25,1590.8357752553839,1590.8357752553839,1625.8863384873757,1903.6494791155067,0.0006286003970708196,0.0006164331823545611,0.0005253067914922184,21.0,11.5,11
26,1590.8357752553839,1590.8357752553839,1635.284211616164,1925.73223272417,0.0006286003970708196,0.0006130920294752354,0.0005192829942849242,28.999999999999996,28.6875,12
27,1590.8357752553839,1590.8357752553839,1632.0100091816253,2179.2296070464263,0.0006286003970708196,0.0006147399149759298,0.0004588777597213948,22.0,21.71875,13
28,1590.8357752553839,1590.8357752553839,1621.2926571982978,1953.8415539413975,0.0006286003970708196,0.0006178625528503374,0.0005118122285723446,22.0,12.812499999999998,14
29,1590.8357752553839,1590.8357752553839,1631.1348018246779,1910.2200596146463,0.0006286003970708196,0.0006145974793185485,0.000523499894667493,24.0,19.3125,15
30,1590.8357752553839,1590.8357752553839,1615.6721870358033,1895.2514913569696,0.0006286003970708196,0.0006198016899977501,0.0005276344614740366,19.0,8.75,16
31,1590.8357752553839,1590.8357752553839,1612.397141233809,1886.5024890070385,0.0006286003970708196,0.0006210115972781578,0.0005300814633572787,16.0,9.3125,17
32,1590.8357752553839,1590.8357752553839,1613.3622712557326,2029.712954637862,0.0006286003970708196,0.000620810513490652,0.000492680503277577,16.0,6.75,18
33,1590.8357752553839,1590.8357752553839,1626.5215107336217,1925.569838912143,0.0006286003970708196,0.0006161625910992022,0.0005193267882534724,22.0,25.874999999999996,19
34,1590.8357752553839,1590.8357752553839,1631.8661801109934,1935.31818324553,0.0006286003970708196,0.0006142204636880147,0.0005167108998702213,26.0,22.9375,20
35,1590.8357752553839,1590.8357752553839,1636.5190928520324,1935.5855507947808,0.0006286003970708196,0.0006129616893693048,0.0005166395252275903,26.0,24.46875,21
36,1590.8357752553839,1590.8357752553839,1629.7257727239662,1952.1116090478195,0.0006286003970708196,0.0006149625094410494,0.0005122657922657245,27.0,18.34375,22
37,1580.8458434617505,1580.8458434617505,1619.269241861546,1941.4912607479462,0.0006325727484029628,0.000618586106210291,0.0005150679893427676,22.0,28.09375,0
38,1580.8458434617505,1580.8458434617505,1640.6992218178511,2068.046910871259,0.0006325727484029628,0.0006113847750849881,0.0004835480253098823,32.0,23.15625,1
39,1580.8458434617505,1580.8458434617505,1649.8387288987742,1908.134419517451,0.0006325727484029628,0.0006080290980362888,0.0005240720935440648,36.0,35.625,2
40,1580.8458434617505,1580.8458434617505,1631.850390921395,2045.4092518454668,0.0006325727484029628,0.000614627052134752,0.0004888997148603642,24.0,20.21875,3
41,1578.6970844567822,1578.6970844567822,1624.9822402752782,1932.814149474401,0.0006334337409282616,0.0006169370430578262,0.0005173803183673579,26.0,16.625,0
42,1578.6970844567822,1578.6970844567822,1630.3767029599417,1913.3027758941532,0.0006334337409282616,0.0006153462676798077,0.0005226564308582391,28.000000000000004,24.75,1
43,1578.6970844567822,1578.6970844567822,1619.603044985691,2004.524207620404,0.0006334337409282616,0.0006194590202204395,0.0004988715008770646,18.0,18.21875,2
44,1578.6970844567822,1578.6970844567822,1633.8204055785814,2139.578028944963,0.0006334337409282616,0.0006143280035036295,0.0004673818792638774,28.000000000000004,29.125,3
45,1578.6970844567822,1578.6970844567822,1630.4246940430583,2084.5269478078253,0.0006334337409282616,0.0006153883100666032,0.00047972514869699376,30.0,24.71875,4
46,1578.6970844567822,1578.6970844567822,1606.0692494649795,1968.1966136820977,0.0006334337409282616,0.0006237844066854583,0.0005080793214704307,19.0,17.75,5
47,1578.6970844567822,1578.6970844567822,1603.0734189752507,1856.5754807127887,0.0006334337409282616,0.0006247294721497612,0.0005386260943272142,17.0,14.406250000000002,6
48,1578.6970844567822,1578.6970844567822,1600.1624707562798,1864.573124670388,0.0006334337409282616,0.0006258069332536901,0.0005363157855108394,13.0,4.6875,7
49,1578.6970844567822,1578.6970844567822,1601.197049006981,1967.6099437573068,0.0006334337409282616,0.0006256980382190787,0.0005082308122972891,14.000000000000002,5.5,8
50,1578.6970844567822,1578.6970844567822,1600.9966925382644,1864.8759582225916,0.0006334337409282616,0.0006255686674373215,0.0005362286942414642,13.0,3.6249999999999996,9
51,1578.6970844567822,1578.6970844567822,1598.947105195371,1870.0504136597838,0.0006334337409282616,0.000626149566256059,0.0005347449420055733,15.0,11.0,10
52,1578.6970844567822,1578.6970844567822,1604.8968513319246,1820.7682087518976,0.0006334337409282616,0.0006239179837159557,0.0005492187282232266,20.0,9.4375,11
53,1576.0524074040154,1576.0524074040154,1609.5071241747353,1891.2986879430784,0.0006344966673076202,0.000622566262789495,0.0005287372144732837,19.0,14.406250000000002,0
54,1576.0524074040154,1576.0524074040154,1603.559473344289,1839.281132567386,0.0006344966673076202,0.0006244689682154291,0.0005436906747388506,19.0,8.0,1
55,1550.0681853799929,1550.0681853799929,1594.0532530554804,1825.1917521402993,0.0006451329105595787,0.0006279669802806113,0.0005478876391082504,14.000000000000002,10.6875,0
56,1547.423508327226,1547.423508327226,1609.0894522050412,1912.4011655905617,0.0006462354970172356,0.0006228070061835425,0.0005229028396305088,25.0,21.15625,0
57,1547.423508327226,1547.423508327226,1619.9673998202147,1919.043183853036,0.0006462354970172356,0.0006192340013379152,0.0005210930157351693,31.0,20.09375,1
58,1547.423508327226,1547.423508327226,1609.2480562628841,1920.4931901995935,0.0006462354970172356,0.0006231164746662665,0.0005206995812862379,24.0,16.6875,2
59,1547.423508327226,1547.423508327226,1601.9180353292586,1875.3711422088677,0.0006462354970172356,0.0006257084001370443,0.0005332277848864465,26.0,31.8125,3
60,1547.423508327226,1547.423508327226,1592.5860958193805,1886.2151636711026,0.0006462354970172356,0.0006295555279249045,0.000530162210155134,24.0,20.9375,4
61,1547.423508327226,1547.423508327226,1583.6712039132099,2068.836701394601,0.0006462354970172356,0.0006330356820779526,0.00048336342802015285,23.0,25.21875,5
62,1547.423508327226,1547.423508327226,1578.8012995178556,1930.4548705845796,0.0006462354970172356,0.0006349037360196462,0.0005180126276130868,17.0,10.6875,6
63,1547.423508327226,1547.423508327226,1582.9932949090355,1856.6955292786963,0.0006462354970172356,0.0006331513037632496,0.0005385912683209225,21.0,10.5625,7
64,1547.423508327226,1547.423508327226,1573.3490955684326,1858.421955248562,0.0006462354970172356,0.0006367162971869429,0.0005380909309512815,17.0,3.1875,8
65,1547.423508327226,1547.423508327226,1575.0883745390297,1842.7409096968233,0.0006462354970172356,0.0006361686909402029,0.0005426698863295569,16.0,12.1875,9
66,1547.423508327226,1547.423508327226,1573.676566722079,1858.9268851936567,0.0006462354970172356,0.000636643616580925,0.0005379447723119152,17.0,8.75,10
67,1547.423508327226,1547.423508327226,1572.7463309044904,1832.8317574294038,0.0006462354970172356,0.0006367686319734121,0.0005456038154874218,18.0,12.812499999999998,11
68,1547.423508327226,1547.423508327226,1562.3555573066726,1868.3719529901773,0.0006462354970172356,0.0006405918831619221,0.0005352253326215804,15.0,8.5,12
69,1547.423508327226,1547.423508327226,1582.5001649744881,2045.9214096573894,0.0006462354970172356,0.0006336442123810222,0.0004887773280438274,19.0,7.906249999999999,13
70,1547.423508327226,1547.423508327226,1573.4180149992526,1825.8181414976289,0.0006462354970172356,0.0006365753795754385,0.0005476996735171821,18.0,6.1875,14
71,1547.423508327226,1547.423508327226,1580.5176022361452,1860.2934045328182,0.0006462354970172356,0.0006339158344687329,0.0005375496131757414,23.0,10.4375,15
72,1547.423508327226,1547.423508327226,1577.1403775471285,1887.719628182106,0.0006462354970172356,0.0006353589242955056,0.0005297396843635144,17.0,14.625,16
73,1547.423508327226,1547.423508327226,1572.296048299889,1865.3194052529548,0.0006462354970172356,0.0006370368314180608,0.0005361012152577645,18.0,10.96875,17
74,1547.423508327226,1547.423508327226,1566.484016851156,1872.7023696819429,0.0006462354970172356,0.0006393323688334455,0.0005339876833550641,11.0,7.124999999999999,18
75,1547.423508327226,1547.423508327226,1572.2924799065365,1839.9443063270608,0.0006462354970172356,0.0006369337375470911,0.0005434947115308195,19.0,5.25,19
76,1547.423508327226,1547.423508327226,1576.621846864869,1844.1260045597428,0.0006462354970172356,0.0006354209850763115,0.0005422622952701838,19.0,16.25,20
77,1547.423508327226,1547.423508327226,1562.4082623491145,1794.371638903577,0.0006462354970172356,0.0006405792137948815,0.0005572981529127567,13.0,7.3125,21
78,1547.423508327226,1547.423508327226,1579.2030970684405,1858.8432407967393,0.0006462354970172356,0.0006345643838046768,0.0005379689787996208,21.0,6.75,22
79,1547.423508327226,1547.423508327226,1571.0725043831928,1832.4459534028983,0.0006462354970172356,0.0006375090366513619,0.0005457186871694493,17.0,8.9375,23
80,1547.423508327226,1547.423508327226,1568.7633680375366,1884.4997618828634,0.0006462354970172356,0.0006383815867303076,0.0005306448004009657,14.000000000000002,9.75,24
81,1547.423508327226,1547.423508327226,1559.9505541050569,1770.6481492400574,0.0006462354970172356,0.0006415532663938854,0.0005647649423908349,9.0,6.0625,25
82,1547.423508327226,1547.423508327226,1571.7240287845184,1822.2149761390756,0.0006462354970172356,0.0006371878499660757,0.0005487826700441283,17.0,15.687499999999998,26
83,1547.423508327226,1547.423508327226,1578.7180923349736,1867.5280360751156,0.0006462354970172356,0.0006345707558086288,0.0005354671955028029,22.0,16.53125,27
84,1547.423508327226,1547.423508327226,1564.0151395660305,1793.0474561952956,0.0006462354970172356,0.0006399443116479734,0.0005577097229327773,14.000000000000002,4.5,28
85,1547.423508327226,1547.423508327226,1568.4315214336946,1920.389471330554,0.0006462354970172356,0.0006386649019951427,0.000520727703900159,13.0,6.0625,29
86,1547.423508327226,1547.423508327226,1569.0493846037903,1786.5446928030367,0.0006462354970172356,0.0006381714184261006,0.0005597397053812455,15.0,8.5,30
87,1547.423508327226,1547.423508327226,1571.9628178456132,1820.5014507674512,0.0006462354970172356,0.0006370388989637237,0.0005492992052153758,19.0,8.375,31
88,1547.423508327226,1547.423508327226,1590.511815501091,1936.5119354136637,0.0006462354970172356,0.0006307675669217593,0.0005163923762682035,22.0,17.625,32
89,1547.423508327226,1547.423508327226,1572.9070470063482,1828.4155095856825,0.0006462354970172356,0.0006367709202197727,0.0005469216350208048,18.0,11.5625,33
90,1547.423508327226,1547.423508327226,1572.921798892263,1916.147056091405,0.0006462354970172356,0.0006368254521563308,0.0005218806128793786,17.0,9.21875,34
91,1537.3084532784414,1537.3084532784414,1563.7813997389424,1857.453520148693,0.0006504875439066338,0.0006402942236766472,0.0005383714796373195,10.0,8.0625,0
92,1537.3084532784414,1537.3084532784414,1581.3604953831239,1851.7815530037028,0.0006504875439066338,0.0006336509737162539,0.0005400204999223253,23.0,10.1875,1
93,1537.3084532784414,1537.3084532784414,1586.4315829930765,1916.2516428506615,0.0006504875439066338,0.0006322615219675733,0.0005218521292497763,23.0,20.59375,2
94,1537.3084532784414,1537.3084532784414,1587.5219953670314,1876.6227307402148,0.0006504875439066338,0.0006317396251858322,0.0005328721557185655,26.0,18.0625,3
95,1537.3084532784414,1537.3084532784414,1587.069892515444,2210.4058140729094,0.0006504875439066338,0.0006325296298338259,0.00045240561422402,26.0,33.90625,4
96,1537.3084532784414,1537.3084532784414,1571.8632309142652,1940.6027844197247,0.0006504875439066338,0.0006378157039854726,0.0005153038056157471,20.0,21.0625,5
97,1537.3084532784414,1537.3084532784414,1576.4091982810712,1826.5001374927588,0.0006504875439066338,0.0006360649398912225,0.000547495168203328,21.0,10.375,6
98,1537.3084532784414,1537.3084532784414,1559.7735914236378,1813.9921948731196,0.0006504875439066338,0.0006419409314424857,0.0005512702881667828,16.0,11.0,7
99,1537.3084532784414,1537.3084532784414,1573.9463230500953,1861.106322177758,0.0006504875439066338,0.0006369160863500026,0.0005373148154318544,20.0,17.28125,8
100,1537.3084532784414,1537.3084532784414,1565.3676890969487,1854.8102717578752,0.0006504875439066338,0.0006401230182766682,0.0005391387007212663,17.0,11.03125,9
101,1537.3084532784414,1537.3084532784414,1570.4161654756472,1931.2406258950173,0.0006504875439066338,0.0006382062138752289,0.0005178018661121308,21.0,18.40625,10
102,1537.3084532784414,1537.3084532784414,1563.866360557126,1843.8783445765534,0.0006504875439066338,0.0006405722842404512,0.000542335129072547,16.0,19.3125,11
103,1537.3084532784414,1537.3084532784414,1565.0083644216077,1854.8102717578752,0.0006504875439066338,0.0006401604878327458,0.0005391387007212663,17.0,14.6875,12
104,1537.3084532784414,1537.3084532784414,1559.0803580967643,1819.943354921448,0.0006504875439066338,0.000642241485467997,0.0005494676509001354,16.0,14.374999999999998,13
105,1537.3084532784414,1537.3084532784414,1560.533099961249,1785.7349335248966,0.0006504875439066338,0.0006416254521941267,0.000559993524921462,17.0,11.25,14
106,1537.3084532784414,1537.3084532784414,1554.6909787952288,1765.3425009219743,0.0006504875439066338,0.0006439143683324055,0.000566462315090548,13.0,7.124999999999999,15
107,1537.3084532784414,1537.3084532784414,1564.4175262638519,1853.5104364513707,0.0006504875439066338,0.000640533793105585,0.0005395167895113365,15.0,5.625,16
108,1534.012701842113,1534.012701842113,1558.9155640785891,1931.2406258950173,0.0006518850846535712,0.0006425636720177796,0.0005178018661121308,13.0,4.625,0
109,1534.012701842113,1534.012701842113,1567.916415948143,1850.4092454092902,0.0006518850846535712,0.0006392748761358172,0.0005404209919945631,17.0,4.25,1
110,1534.012701842113,1534.012701842113,1557.2219384274763,1809.0571481257507,0.0006518850846535712,0.0006429357805703912,0.000552774134877959,17.0,10.1875,2
111,1534.012701842113,1534.012701842113,1560.5681012417567,1891.4549395865486,0.0006518850846535712,0.0006417758203646505,0.0005286935358970743,20.0,6.90625,3
112,1534.012701842113,1534.012701842113,1564.5404672748898,1854.8102717578752,0.0006518850846535712,0.0006404985930247055,0.0005391387007212663,19.0,17.09375,4
113,1534.012701842113,1534.012701842113,1573.5739948719927,1904.0853750773008,0.0006518850846535712,0.000637062065229832,0.000525186534747373,25.0,11.9375,5
114,1534.012701842113,1534.012701842113,1562.4895100915155,1814.9068117731194,0.0006518850846535712,0.0006410793496490856,0.0005509924771415806,20.0,8.1875,6
115,1534.012701842113,1534.012701842113,1547.0305696625148,1781.95032437719,0.0006518850846535712,0.0006468861426707031,0.000561182871553678,10.0,6.0625,7
116,1534.012701842113,1534.012701842113,1562.6035756666708,1850.6116073803357,0.0006518850846535712,0.0006413654502824567,0.0005403618976623444,18.0,10.25,8
117,1534.012701842113,1534.012701842113,1564.5947913311552,1829.5996218879827,0.0006518850846535712,0.0006405390422998627,0.0005465676687056205,17.0,13.125,9
118,1534.012701842113,1534.012701842113,1558.3555858290806,1818.3132099282204,0.0006518850846535712,0.0006426454117368929,0.0005499602568687687,18.0,13.6875,10
119,1532.6010611238075,1532.6010611238075,1558.0582685365453,1868.5994140015882,0.0006524855197912569,0.0006428760063707562,0.000535160180671634,17.0,10.5,0
120,1532.6010611238075,1532.6010611238075,1569.857301915074,1877.0756435339026,0.0006524855197912569,0.0006386280675967893,0.000532743580923215,22.0,12.59375,1
121,1532.6010611238075,1532.6010611238075,1567.7973475028523,1912.4270080816639,0.0006524855197912569,0.000639457588781919,0.000522895773681365,18.0,11.6875,2
122,1532.6010611238075,1532.6010611238075,1557.1516091008652,1857.163265866318,0.0006524855197912569,0.0006435011108860133,0.0005384556212043779,12.0,6.5,3
123,1532.6010611238075,1532.6010611238075,1568.974466647651,1843.5066374476369,0.0006524855197912569,0.0006388025264483746,0.0005424444803651561,23.0,15.187500000000002,4
124,1532.6010611238075,1532.6010611238075,1564.9016820457555,1833.863731454896,0.0006524855197912569,0.0006401944392736801,0.0005452967866956229,24.0,11.6875,5
125,1532.6010611238075,1532.6010611238075,1570.131339127042,1965.7994223788562,0.0006524855197912569,0.0006387194686527149,0.0005086988980746968,20.0,14.84375,6
126,1532.6010611238075,1532.6010611238075,1554.030196540462,1858.1226223509593,0.0006524855197912569,0.0006443998466240565,0.0005381776143141543,16.0,6.125,7
127,1532.6010611238075,1532.6010611238075,1565.379272994214,1879.3307124279272,0.0006524855197912569,0.000640246305126062,0.000532104324899841,19.0,14.000000000000002,8
128,1532.6010611238075,1532.6010611238075,1555.4765829345383,1844.0207935933208,0.0006524855197912569,0.0006438666629231167,0.0005422932341513166,17.0,9.1875,9
129,1532.6010611238075,1532.6010611238075,1566.9548763085477,1834.9368466207127,0.0006524855197912569,0.0006397435576920192,0.0005449778840299797,19.0,8.5625,10
130,1532.6010611238075,1532.6010611238075,1554.4848675442533,1860.1513069816656,0.0006524855197912569,0.0006443825317054703,0.0005375906767620039,13.0,9.4375,11
131,1532.6010611238075,1532.6010611238075,1554.387101904953,1807.8921383484706,0.0006524855197912569,0.0006440809404559349,0.0005531303437789771,18.0,7.000000000000001,12
132,1532.6010611238075,1532.6010611238075,1554.636066513773,1886.7487313342594,0.0006524855197912569,0.0006442599502949613,0.0005300122816528015,15.0,9.40625,13
133,1532.6010611238075,1532.6010611238075,1556.3296066829782,1833.828390990737,0.0006524855197912569,0.0006435375645580801,0.0005453072953351668,16.0,11.9375,14
134,1532.6010611238075,1532.6010611238075,1559.7113310157831,1843.5066374476369,0.0006524855197912569,0.0006422574111243996,0.0005424444803651561,17.0,10.625,15
135,1532.6010611238075,1532.6010611238075,1566.087833931467,1930.4158470333127,0.0006524855197912569,0.0006400660992345215,0.0005180230992906591,19.0,10.875,16
136,1532.6010611238075,1532.6010611238075,1565.824060226014,2072.621510670774,0.0006524855197912569,0.0006403352834875697,0.0004824807591987038,18.0,13.3125,17
137,1532.6010611238075,1532.6010611238075,1547.6036969153893,1827.15225459761,0.0006524855197912569,0.0006468830414022719,0.0005472997652405423,9.0,6.5,18
138,1532.6010611238075,1532.6010611238075,1563.4390918546187,1794.1979187337065,0.0006524855197912569,0.0006407228102087857,0.0005573521123610325,20.0,12.687499999999998,19
139,1532.6010611238075,1532.6010611238075,1552.9307069084502,1802.0060667292564,0.0006524855197912569,0.000644749027781364,0.0005549370884278189,15.0,6.625,20
140,1532.6010611238075,1532.6010611238075,1550.2651780885346,1788.2905527994926,0.0006524855197912569,0.0006457985298373528,0.0005591932465529956,12.0,4.0,21
141,1532.6010611238075,1532.6010611238075,1562.02037295143,1828.6754014671023,0.0006524855197912569,0.0006412451987059859,0.000546843906358517,20.0,11.0,22
142,1532.6010611238075,1532.6010611238075,1574.5967675853296,1946.5972729764876,0.0006524855197912569,0.0006370332888160232,0.0005137169428327244,22.0,19.78125,23
143,1532.6010611238075,1532.6010611238075,1559.1223702736884,1853.6187976388,0.0006524855197912569,0.0006426865922639456,0.0005394852497578424,15.0,5.40625,24
144,1532.6010611238075,1532.6010611238075,1544.6519734530916,1804.4449626033875,0.0006524855197912569,0.0006478990740247297,0.0005541870329795129,9.0,5.6875,25
145,1532.6010611238075,1532.6010611238075,1553.8149360296436,1841.1120005488988,0.0006524855197912569,0.0006445000754092558,0.0005431500091802482,14.000000000000002,9.59375,26
146,1532.6010611238075,1532.6010611238075,1559.0086896069586,1825.6183413995454,0.0006524855197912569,0.0006425548593429519,0.0005477596150975264,18.0,12.5,27
147,1532.6010611238075,1532.6010611238075,1555.2389500789263,1791.4784825890742,0.0006524855197912569,0.000643796384298272,0.0005581981640967202,18.0,17.5625,28
148,1532.6010611238075,1532.6010611238075,1557.7249932215425,1816.7877004175657,0.0006524855197912569,0.0006430387434592664,0.000550422044232335,17.0,10.78125,29
149,1532.6010611238075,1532.6010611238075,1554.1802662024922,1911.1621261959674,0.0006524855197912569,0.000644399665036985,0.000523241846567161,15.0,8.3125,30
150,1532.6010611238075,1532.6010611238075,1556.3074745723816,1805.7543968472437,0.0006524855197912569,0.0006433885617669901,0.0005537851668787013,18.0,8.5,31
151,1532.6010611238075,1532.6010611238075,1550.4625098368012,1926.3642136413505,0.0006524855197912569,0.0006457606977812348,0.0005191126334877913,13.0,5.25,32
152,1532.6010611238075,1532.6010611238075,1559.4986333867844,1856.6884829430167,0.0006524855197912569,0.0006424322081406697,0.0005385933123336395,16.0,9.375,33
153,1532.6010611238075,1532.6010611238075,1557.7783073643918,1816.5878231606418,0.0006524855197912569,0.000642845906172335,0.0005504826065937848,19.0,9.84375,34
154,1532.6010611238075,1532.6010611238075,1551.8907283242816,1877.9803645498612,0.0006524855197912569,0.0006451381324690493,0.0005324869305753857,15.0,7.4375,35
155,1532.6010611238075,1532.6010611238075,1551.3229412836965,1787.585449166289,0.0006524855197912569,0.0006452764489543482,0.000559413817373815,14.000000000000002,5.78125,36
156,1532.6010611238075,1532.6010611238075,1561.683291261093,1838.7235476572864,0.0006524855197912569,0.0006414696002964238,0.0005438555465687581,19.0,12.75,37
157,1532.6010611238075,1532.6010611238075,1558.7574443769581,1836.8381813261426,0.0006524855197912569,0.0006427279386675426,0.0005444137704487551,15.0,5.8125,38
158,1532.6010611238075,1532.6010611238075,1561.751306149496,1901.3246088879862,0.0006524855197912569,0.000641629473779487,0.0005259491174339042,19.0,10.6875,39
159,1532.6010611238075,1532.6010611238075,1550.472907733722,1818.2351586338377,0.0006524855197912569,0.0006456411322559348,0.0005499838649866207,14.000000000000002,6.4375,40
160,1532.6010611238075,1532.6010611238075,1561.291799364884,1891.7537619937998,0.0006524855197912569,0.0006416320188769391,0.0005286100231914206,22.0,11.9375,41
161,1532.6010611238075,1532.6010611238075,1564.3591057777203,1837.196710144182,0.0006524855197912569,0.0006406520625035048,0.0005443075281369954,19.0,3.6875,42
162,1532.6010611238075,1532.6010611238075,1552.9063790076173,1826.6024225341591,0.0006524855197912569,0.0006448779375510161,0.0005474645098809391,13.0,10.5,43
163,1532.6010611238075,1532.6010611238075,1541.2340616559634,1794.7233980509864,0.0006524855197912569,0.000649177963038491,0.0005571889245362089,8.0,2.75,44
164,1532.6010611238075,1532.6010611238075,1554.3503832355048,1806.698388275267,0.0006524855197912569,0.0006443339312896439,0.0005534958167282321,13.0,7.8125,45
165,1532.6010611238075,1532.6010611238075,1551.4468820795198,1856.3989300231242,0.0006524855197912569,0.000645221564817793,0.000538677319743738,17.0,15.875,46
166,1532.6010611238075,1532.6010611238075,1556.8668395445063,1858.1226223509593,0.0006524855197912569,0.0006432568569066158,0.0005381776143141543,17.0,5.75,47
167,1532.6010611238075,1532.6010611238075,1568.6610043387823,1911.5482985868875,0.0006524855197912569,0.000639271881315344,0.0005231361408651038,20.0,16.8125,48
168,1532.6010611238075,1532.6010611238075,1554.0312356104528,1840.3696749212452,0.0006524855197912569,0.000644307069198783,0.000543369092431276,18.0,9.625,49
169,1532.6010611238075,1532.6010611238075,1561.8416368617127,1811.6786868942481,0.0006524855197912569,0.000641631207125874,0.0005519742585890297,17.0,13.0625,50
170,1532.6010611238075,1532.6010611238075,1557.465951226363,1934.9403402566252,0.0006524855197912569,0.0006432696731600148,0.000516811799927316,14.000000000000002,8.8125,51
171,1532.6010611238075,1532.6010611238075,1555.7401477029375,1827.2534027464085,0.0006524855197912569,0.0006437283823079732,0.0005472694693012879,16.0,15.53125,52
172,1532.6010611238075,1532.6010611238075,1564.7075982066276,1842.5180849813464,0.0006524855197912569,0.0006403223176140153,0.0005427355140506659,21.0,17.0625,53
173,1532.6010611238075,1532.6010611238075,1570.1594552944077,1889.2704210724714,0.0006524855197912569,0.0006385383783874475,0.000529304851675143,20.0,15.437500000000002,54
174,1532.6010611238075,1532.6010611238075,1560.3498339676437,1891.7537619937998,0.0006524855197912569,0.0006418959594547312,0.0005286100231914206,21.0,21.71875,55
175,1532.6010611238075,1532.6010611238075,1555.3751464991988,1855.5935485427294,0.0006524855197912569,0.0006440095998340866,0.0005389111213419225,14.000000000000002,8.125,56
176,1532.6010611238075,1532.6010611238075,1560.0627358243341,1858.3291600953016,0.0006524855197912569,0.0006422661826150375,0.0005381178003732751,15.0,9.03125,57
177,1532.6010611238075,1532.6010611238075,1547.6990949817443,1807.8921383484706,0.0006524855197912569,0.0006467887066814944,0.0005531303437789771,10.0,7.3125,58
178,1532.6010611238075,1532.6010611238075,1563.7941944880245,1939.9383718584431,0.0006524855197912569,0.0006410337616514282,0.0005154802928311629,17.0,14.03125,59
179,1532.6010611238075,1532.6010611238075,1552.9488578213595,1860.1513069816656,0.0006524855197912569,0.0006448081503380501,0.0005375906767620039,13.0,10.25,60
180,1532.6010611238075,1532.6010611238075,1548.6908882179089,1850.1954394321278,0.0006524855197912569,0.0006463259392111013,0.0005404834422826839,14.000000000000002,8.5,61
181,1532.6010611238075,1532.6010611238075,1553.2513904506538,1839.3916407470351,0.0006524855197912569,0.0006445442547702466,0.0005436580105332369,19.0,7.875,62
182,1532.6010611238075,1532.6010611238075,1564.2840847191578,1878.1005480571462,0.0006524855197912569,0.0006405973479355772,0.0005324528556442187,22.0,11.5,63
183,1532.6010611238075,1532.6010611238075,1556.0986026144053,1828.2677748754622,0.0006524855197912569,0.0006436961357531,0.0005469658294820174,16.0,12.1875,64
184,1532.6010611238075,1532.6010611238075,1572.343329994174,1930.4158470333127,0.0006524855197912569,0.0006378818306278826,0.0005180230992906591,21.0,11.4375,65
185,1532.6010611238075,1532.6010611238075,1575.8125106161929,1856.3170518011611,0.0006524855197912569,0.0006361158749878254,0.0005387010796618563,28.000000000000004,18.5625,66
186,1532.6010611238075,1532.6010611238075,1567.340359696046,1852.6559801765866,0.0006524855197912569,0.0006393675093391249,0.0005397656179560569,21.0,11.4375,67
187,1532.6010611238075,1532.6010611238075,1571.9059573437426,1864.364440534719,0.0006524855197912569,0.0006378149507568442,0.0005363758170120372,23.0,11.34375,68
188,1532.6010611238075,1532.6010611238075,1549.2999690302313,1827.996839211203,0.0006524855197912569,0.0006462338393651004,0.0005470468977569504,12.0,6.3125,69
189,1532.6010611238075,1532.6010611238075,1558.2702643346024,1848.4533057857757,0.0006524855197912569,0.0006428144799095147,0.0005409928381041254,17.0,6.281249999999999,70
190,1532.6010611238075,1532.6010611238075,1567.402718908897,1917.6592290077301,0.0006524855197912569,0.0006396239194968405,0.0005214690831787864,20.0,15.34375,71
191,1532.6010611238075,1532.6010611238075,1572.406064488132,1988.0831527217642,0.0006524855197912569,0.0006381258042225334,0.0005029970696300907,20.0,18.9375,72
192,1532.6010611238075,1532.6010611238075,1571.0820140186372,1966.405879905693,0.0006524855197912569,0.0006382767769077592,0.0005085420106900609,23.0,15.5,73
193,1532.6010611238075,1532.6010611238075,1555.224726553054,1817.977147772573,0.0006524855197912569,0.0006439338475110438,0.0005500619197690258,15.0,6.375,74
194,1532.6010611238075,1532.6010611238075,1556.8066634083839,1806.5483782549386,0.0006524855197912569,0.0006433733499689682,0.0005535417772570053,15.0,8.3125,75
195,1532.6010611238075,1532.6010611238075,1551.6539046854589,1824.091918170698,0.0006524855197912569,0.0006452556192659856,0.0005482179872836978,14.000000000000002,4.0625,76
196,1532.6010611238075,1532.6010611238075,1554.7466488387017,1850.2809190029093,0.0006524855197912569,0.0006441114928484376,0.0005404584729430629,16.0,8.375,77
197,1532.6010611238075,1532.6010611238075,1566.1115689395765,1823.4958669850482,0.0006524855197912569,0.0006399136302942983,0.0005483971848279484,19.0,9.5,78
198,1532.6010611238075,1532.6010611238075,1559.6811039633444,1811.7086014816246,0.0006524855197912569,0.0006422933690724972,0.0005519651444951989,16.0,9.125,79
199,1532.6010611238075,1532.6010611238075,1561.3984680647802,1896.9548565470955,0.0006524855197912569,0.0006418059532842233,0.0005271606736178398,16.0,11.5625,80
200,1532.6010611238075,1532.6010611238075,1561.2931032560236,1818.7989209909829,0.0006524855197912569,0.0006417102360603,0.0005498133897369721,19.0,12.375,81
201,1532.6010611238075,1532.6010611238075,1556.6771391823263,1821.2076243559723,0.0006524855197912569,0.0006434120445160888,0.0005490862143483647,16.0,10.1875,82
202,1532.6010611238075,1532.6010611238075,1549.878838608327,1793.5143304587168,0.0006524855197912569,0.0006458601781453141,0.0005575645441005399,14.000000000000002,6.0625,83
203,1532.6010611238075,1532.6010611238075,1549.6616540246612,1858.635955744931,0.0006524855197912569,0.0006461217751723379,0.0005380289759858891,11.0,6.53125,84
204,1532.6010611238075,1532.6010611238075,1553.948071501933,1771.2105969665417,0.0006524855197912569,0.0006441961258626336,0.0005645856013466983,20.0,16.8125,85
205,1532.6010611238075,1532.6010611238075,1564.439608864268,1867.1877732832827,0.0006524855197912569,0.0006404544987971435,0.0005355647751707312,21.0,13.343749999999998,86
206,1532.6010611238075,1532.6010611238075,1561.8424123427876,1838.3063469598096,0.0006524855197912569,0.0006415831673178998,0.0005439789737188251,16.0,6.25,87
207,1532.6010611238075,1532.6010611238075,1551.7851746244016,1930.6808244779254,0.0006524855197912569,0.0006452842999234659,0.000517952002900536,15.0,3.125,88
208,1532.6010611238075,1532.6010611238075,1550.275520742384,1825.8054325095138,0.0006524855197912569,0.0006457486222659635,0.0005477034859215694,14.000000000000002,13.125,89
209,1532.6010611238075,1532.6010611238075,1556.4225501898356,1882.4878815965112,0.0006524855197912569,0.0006435709526101386,0.0005312119189590287,15.0,6.6875,90
210,1532.6010611238075,1532.6010611238075,1550.9294486664737,1758.5708409063532,0.0006524855197912569,0.0006454352887678517,0.0005686435693910446,14.000000000000002,7.9375,91
211,1532.6010611238075,1532.6010611238075,1553.0067719539852,1835.0032825928965,0.0006524855197912569,0.0006448309732209583,0.000544958153201219,14.000000000000002,6.1875,92
212,1532.6010611238075,1532.6010611238075,1561.69239483523,1840.3696749212452,0.0006524855197912569,0.0006416869787694009,0.000543369092431276,16.0,17.25,93
213,1532.6010611238075,1532.6010611238075,1568.2415625519106,1856.3170518011611,0.0006524855197912569,0.0006389911698975518,0.0005387010796618563,24.0,15.125,94
214,1532.6010611238075,1532.6010611238075,1550.9397412492388,1913.9275842380823,0.0006524855197912569,0.0006456749648610495,0.0005224858078411,12.0,2.9375,95
215,1532.6010611238075,1532.6010611238075,1547.482120629595,1738.4186153513556,0.0006524855197912569,0.000646687380061236,0.0005752354416648301,13.0,7.249999999999999,96
216,1532.6010611238075,1532.6010611238075,1549.4113035241428,1811.5022534192647,0.0006524855197912569,0.000646144676201753,0.0005520280187962613,11.0,8.25,97
217,1532.6010611238075,1532.6010611238075,1566.9712523681803,1939.9383718584431,0.0006524855197912569,0.0006397621716389458,0.0005154802928311629,20.0,18.8125,98
218,1532.6010611238075,1532.6010611238075,1566.3416487391153,1860.0223904094964,0.0006524855197912569,0.000640073339859641,0.0005376279367152365,18.0,13.468749999999998,99
219,1532.6010611238075,1532.6010611238075,1564.4254717485603,1877.9803645498612,0.0006524855197912569,0.0006405920160422086,0.0005324869305753857,20.0,5.5,100
220,1532.6010611238075,1532.6010611238075,1547.6237181562933,1782.3198662290629,0.0006524855197912569,0.0006467109265243525,0.0005610665172664803,13.0,12.78125,101
221,1532.6010611238075,1532.6010611238075,1557.2795542960898,1833.2912897985893,0.0006524855197912569,0.0006432992210262055,0.0005454670545616689,17.0,14.6875,102
222,1532.6010611238075,1532.6010611238075,1563.3399679404806,1835.122101937971,0.0006524855197912569,0.0006409021363011371,0.0005449228685894823,21.0,12.1875,103
223,1532.6010611238075,1532.6010611238075,1556.2221047045248,1842.894485202287,0.0006524855197912569,0.0006435411992898441,0.0005426246635548609,18.0,6.6875,104
224,1532.6010611238075,1532.6010611238075,1556.5806551563803,1844.945171453626,0.0006524855197912569,0.0006432848248616543,0.0005420215275081064,21.0,9.1875,105
225,1532.6010611238075,1532.6010611238075,1562.664454100053,1901.3246088879862,0.0006524855197912569,0.0006413960578877123,0.0005259491174339042,17.0,10.5625,106
226,1532.6010611238075,1532.6010611238075,1555.7814496927383,1835.122101937971,0.0006524855197912569,0.0006437109620193741,0.0005449228685894823,17.0,7.843749999999999,107
227,1532.6010611238075,1532.6010611238075,1551.9883844717658,1793.5143304587168,0.0006524855197912569,0.0006451029118941019,0.0005575645441005399,14.000000000000002,8.5625,108
228,1532.6010611238075,1532.6010611238075,1569.1071806452487,1863.6633429865344,0.0006524855197912569,0.0006388777200454875,0.0005365775979676093,22.0,12.75,109
229,1532.6010611238075,1532.6010611238075,1575.052199125909,1910.2026261155831,0.0006524855197912569,0.0006368873561661806,0.0005235046723988177,21.0,24.125,110
230,1532.6010611238075,1532.6010611238075,1550.7063437723666,1802.026723790973,0.0006524855197912569,0.000645626012467524,0.0005549307270517454,15.0,2.9375,111
231,1532.6010611238075,1532.6010611238075,1553.608182730856,1896.424323876559,0.0006524855197912569,0.0006447388011271808,0.0005273081490306233,14.000000000000002,12.40625,112
232,1532.6010611238075,1532.6010611238075,1553.7684995545662,1806.3808393688582,0.0006524855197912569,0.0006445409760829198,0.0005535931173569109,14.000000000000002,10.3125,113
233,1532.6010611238075,1532.6010611238075,1548.9883105654649,1844.945171453626,0.0006524855197912569,0.0006461996002510581,0.0005420215275081064,14.000000000000002,3.375,114
234,1532.6010611238075,1532.6010611238075,1554.0510653056897,1826.917988767498,0.0006524855197912569,0.0006443141420653816,0.0005473699455303049,15.0,6.937500000000001,115
235,1532.6010611238075,1532.6010611238075,1549.8830786230187,1877.9103972300954,0.0006524855197912569,0.0006459849674771838,0.0005325067700114939,12.0,12.937499999999998,116
236,1532.6010611238075,1532.6010611238075,1561.988651574064,1856.8867466184188,0.0006524855197912569,0.000641392133975675,0.0005385358056010158,20.0,7.28125,117
237,1511.5914562592948,1511.5914562592948,1558.6034622669247,1917.6592290077301,0.0006615544139649211,0.0006429001456085071,0.0005214690831787864,17.0,12.0625,0
238,1511.5914562592948,1511.5914562592948,1565.77707431304,1841.8730820752778,0.0006615544139649211,0.0006400454423926393,0.0005429255738257916,23.0,9.9375,1
239,1511.5914562592948,1511.5914562592948,1554.764625273259,2024.065199250866,0.0006615544139649211,0.0006444702130855204,0.0004940552312099991,17.0,16.6875,2
240,1511.5914562592948,1511.5914562592948,1555.1899521525154,1809.3096329858429,0.0006615544139649211,0.0006443022336734389,0.0005526969965609109,21.0,15.0,3
241,1511.5914562592948,1511.5914562592948,1548.9373553030798,1874.9603677669725,0.0006615544139649211,0.0006472184921867205,0.0005333446067401268,19.0,10.375,4
242,1511.5914562592948,1511.5914562592948,1532.5915666357032,1821.8295300562763,0.0006615544139649211,0.0006531600052129842,0.0005488987764783402,19.0,15.09375,5
243,1511.5914562592948,1511.5914562592948,1540.096348734987,1842.6537381220214,0.0006615544139649211,0.0006506208183922078,0.0005426955587538493,17.0,5.375,6
244,1511.5914562592948,1511.5914562592948,1539.6010192677422,1830.2818560478536,0.0006615544139649211,0.0006507141526300868,0.0005463639366230236,17.0,11.125,7
245,1511.5914562592948,1511.5914562592945,1548.7390638646982,1887.4767362231146,0.0006615544139649212,0.0006474960472856062,0.0005298078544803805,20.0,13.0625,8
246,1511.5914562592948,1511.5914562592945,1550.9133087402367,2104.2956788839965,0.0006615544139649212,0.0006468549191779954,0.00047521838781246987,21.0,19.625,9
247,1511.5914562592948,1511.5914562592945,1575.3800733781793,2088.308314650813,0.0006615544139649212,0.0006376457791017879,0.00047885649498417577,32.0,42.6875,10
248,1511.5914562592948,1511.5914562592945,1558.0150185123318,1971.3424317779331,0.0006615544139649212,0.0006443166046403853,0.0005072685414162723,23.0,31.84375,11
249,1511.5914562592948,1511.5914562592945,1545.231510014869,1894.7942659851806,0.0006615544139649212,0.0006486548214298433,0.0005277617828762316,21.0,25.656250000000004,12
250,1511.5914562592948,1511.5914562592945,1563.6992164781034,1950.8012324237152,0.0006615544139649212,0.0006421690663498816,0.0005126098873525824,24.0,24.34375,13
